dfo name,dff name
Robert Valentin,Robert Valentin Frey
Steve Erceg,Stephen Erceg
Ronaldo Rodriguez,Luis Rodriguez
Jose Daniel Medina,Jose Medina
Mick Parkin,Michael Parkin
Christian Leroy Duncan,Christian Duncan
SuYoung You,Soo Young Yoo
Stephanie Luciano,Stephanie Bruna
King Green,Bobby Green
Chepe Mariscal,Jose Mariscal
Jesus Aguilar,Jesus Santos Aguilar
Ian Machado Garry,Ian Garry
Kiru Sahota,Kiru Sing Sahota
DongHun Choi,Dong Hoon Choi
Shi Ming,Ming Shi
Veronica Hardy,Veronica Macedo
Melissa Mullins,Melissa Dixon
Ariane da Silva,Ariane Lipski
Dan Argueta,Daniel Argueta
Tecia Pennington,Tecia Torres
Da Woon Jung,Da-Un Jung
Daria Zhelezniakova,Dariya Zheleznykova
Yana Santos,Yana Kunitskaya
Michelle Waterson-Gomez,Michelle Waterson
Timmy Cuamba,Timothy Cuamba
Rayanne dos Santos,Rayanne Amanda
Billy Ray Goff,Billy Goff
Liang Na,Na Liang
Zachary Reese,Zach Reese
Igor Severino,Igor Da Silva
Katlyn Cerminara,Katlyn Chookagian
Montserrat Conejo Ruiz,Montserrat Conejo
Ravena Oliveira,Ravena Oliveira Morais
Mizuki,Inoue Mizuki
Batgerel Danaa,Danaa Batgerel
ChangHo Lee,Chang Ho Lee
MarQuel Mederos,Marquel Mederos
Brunno Ferreira,Bruno Ferreira
Asu Almabayev,Assu Almabayev
Rafael Cerqueira,Raffael Cerqueira
Tallison Teixeira,Talisson Teixeira
Rongzhu,Rong Zhu
Zhang Mingyang,Zhang Minyang
Jhonata Diniz,Jhonata Deniz
Charles Radtke,Charlie Radtke
JunYong Park,Junyong Park
Yanal Ashmouz,Yanal Ashmoz
Yizha,Yi Zha
Elves Brener,Elves Brenner
Vinicius Oliveira,Vinicius de Oliveira
Cristian Quinonez,Christian Quinonez
Montse Rendon,
Montse Rendon,
Montse Rendon,
Montse Rendon,
Montse Rendon,
Montse Rendon,
Montse Rendon,
Montse Rendon,
